id;title;description;created_date;modified_date;start_date;end_date
1;withdrawal Avon rich;payment matrices payment;2024-03-05;2024-03-05;2024-03-04;2024-03-05
2;Baby bifurcated;responsive Architect Stream;2024-03-04;2024-03-04;2024-03-05;2024-03-04
3;Designer Pakistan Licensed;Pizza synthesizing Pa'anga;2024-03-05;2024-03-05;2024-03-04;2024-03-05
4;backing Shilling Movies;Tasty Handmade Orchestrator;2024-03-05;2024-03-05;2024-03-05;2024-03-05
5;Switchable Industrial;Western multi-tasking;2024-03-05;2024-03-05;2024-03-05;2024-03-05
6;Valley Chips methodical;metrics optimize Expanded;2024-03-05;2024-03-05;2024-03-05;2024-03-05
7;Refined compressing;Marino;2024-03-05;2024-03-05;2024-03-05;2024-03-05
8;Vision-oriented;Colombian Bike;2024-03-05;2024-03-05;2024-03-05;2024-03-05
9;Plastic Qatar card;magenta;2024-03-05;2024-03-05;2024-03-04;2024-03-04
10;definition;Franc PCI;2024-03-05;2024-03-04;2024-03-05;2024-03-05
